event_id,utc_time,magnitude,latitude,longitude,depth_km,network,status
nn00792158,2020-12-14T20:00:10Z,4.7,38.1554,-118.1231,5.2,nn,reviewed
nn00791435,2020-12-12T06:30:52Z,4.9,38.1497,-118.1008,6.4,nn,reviewed
nn00788443,2020-12-03T03:15:29Z,4.9,38.1750,-118.0654,5.0,nn,reviewed
nn00787105,2020-12-01T21:32:56Z,5.1,38.1637,-118.0837,5.0,nn,reviewed
nn00782942,2020-11-13T06:33:51Z,5.3,38.1693,-117.8533,4.8,nn,reviewed
nn00755218,2020-06-30T09:24:23Z,5.0,38.1539,-117.9583,8.3,nn,reviewed
nn00750312,2020-06-19T19:22:21Z,4.9,38.1698,-117.8345,6.5,nn,reviewed
nn00744961,2020-06-08T04:44:05Z,4.8,38.2059,-117.7912,5.2,nn,reviewed
nn00730721,2020-05-22T00:22:00Z,5.1,38.2309,-117.7939,7.2,nn,reviewed
nn00729332,2020-05-20T12:36:53Z,5.0,38.2012,-117.7453,11.7,nn,reviewed
nn00725752,2020-05-15T21:35:49Z,4.3,38.1518,-118.0136,5.4,nn,reviewed
nn00725387,2020-05-15T13:11:37Z,4.2,38.1692,-117.9421,6.7,nn,reviewed
nn00725306,2020-05-15T11:12:07Z,4.8,38.1469,-117.9831,5.8,nn,reviewed
nn00725296,2020-05-15T10:50:16Z,4.0,38.1337,-117.9888,5.5,nn,reviewed
nn00725284,2020-05-15T10:38:12Z,4.9,38.1596,-117.9598,3.8,nn,reviewed
nn00725277,2020-05-15T10:29:09Z,4.1,38.1406,-117.9952,10.8,nn,reviewed
