project,submission_id,reported_score,evidence_class
GEMSDOE,gems-submission-20260925T001403Z-7f00890a,0.1563,user-reported; not independently artifact-authenticated
6GEMSDOE,gems6_hgb88-topk03_33cec71ff0,0.0286,user-reported; not independently artifact-authenticated
GEMSDOE3,pindrop-v4-nodes-20260925T152420Z-f347b70daa,0.1193,user-reported; not independently artifact-authenticated
GEMSDOE3,pindrop-v4-discovery-20260925T152423Z-37f9d5b855,0.0830,user-reported; not independently artifact-authenticated
GEMSDOE3,pindrop-v4-ridge-20260925T152422Z-4e03fc9705,0.1152,user-reported; not independently artifact-authenticated
GEMSDOE2,gemsdoe2-dual-family-union-20260925T160406Z-f68e590f,0.1560,user-reported; not independently artifact-authenticated
GEMSDOE4,gems-submission-20260926T163915Z-237f0063,0.0343,user-reported; not independently artifact-authenticated
5GEMSDOE,gems-submission-20260926T175114Z-7f00890a,0.1563,user-reported; not independently artifact-authenticated
7GEMSDOE,lidarscarp-ridge-top2pct-36c3a3f341c8,0.1461,user-reported; not independently artifact-authenticated
8GEMSDOE,Hedge-v2_submission,0.1563,user-reported; not independently artifact-authenticated
GEMSDOE9,2314b599,0.0107,user-reported; not independently artifact-authenticated
11GEMSDOE,gems-structural-area06-v1,0.0202,user-reported; not independently artifact-authenticated
12GEMSDOE,r7-nms3-dem10-scarp_0c9199f14e62,0.1294,user-reported; not independently artifact-authenticated
12GEMSDOE,r7-nms3-dem10-scarp_0c9199f14e62_allfinite,0.1294,user-reported; not independently artifact-authenticated
15GEMSDOE,gems-tso1-20260929T005627Z-conj_alteration_mag,0.0782,user-reported; not independently artifact-authenticated
14GEMSDOE,GEMS_r5-geom-horse-ensemble_20260929T154852Z_ccbe1de0_site_e96e942f,0.0020,user-reported; not independently artifact-authenticated
17GEMSDOE,17GEMSDOE_F-ensemble-2pct_20260930T050626Z,0.0187,user-reported; not independently artifact-authenticated
18GEMSDOE,H19-C_20260930T212401Z_c11e495e,0.0297,user-reported; not independently artifact-authenticated
19GEMSDOE,h19-4-multiline-corroborated-openness-thermal-pop-20260930-691e4dfa-nan,0.1894,user-reported; not independently artifact-authenticated
19GEMSDOE,h19-5-powerlaw-budget-multiline-corroborated-20260930-e27054cf-nan,0.1922,user-reported; not independently artifact-authenticated
GEMSDOE10,h16-continuation-20260927T065521077735Z-3431b83c7c,0.0461,user-reported; not independently artifact-authenticated
GEMSDOE10,h20-dem10-scarp-thin-20260927T155223039488Z-ffc91a1686,0.0921,user-reported; not independently artifact-authenticated
GEMSDOE10,H25-ctx-ridge-20260927T232947704150Z-6452ae1d00,0.1280,user-reported; not independently artifact-authenticated
GEMSDOE10,h28-dotted-ridge-20260928T020256236880Z-6452ae1d00,0.1839,user-reported; not independently artifact-authenticated
13GEMSDOE,20261001_r13-lattice-s5_v2_nan-outside,0.0904,user-reported; not independently artifact-authenticated
16GEMSDOE,h16-1-topo-geophys-baseline-ridges-20260930-df20f65e-nan,0.1855,user-reported; not independently artifact-authenticated
16GEMSDOE,h18-3a-topo-geophys-x-complexity-prior-20260930-c502dfab-nan,0.0976,user-reported; not independently artifact-authenticated
16GEMSDOE,h18-4-usgs-geologic-map-faults-gap-20260930-aef8f42c-nan,0.0360,user-reported; not independently artifact-authenticated
GEMSDOE21,h19-4-reference-20260930-691e4dfa,0.1894,user-reported; not independently artifact-authenticated
20GEMSDOE,h20-1-sarnnpu-powerlaw-pi0363-tilt-wingcrack-20260930-be0e8f6b-nan,0.1890,user-reported; not independently artifact-authenticated
20GEMSDOE,h20-5-continuous-pu-proxy-unverified-20260930-824ce73a-nan,0.1859,user-reported; not independently artifact-authenticated
GEMSDOE22,h23-a-dti-optimal-emission-6pct-20261002-e2ec4b49-nan,0.1002,user-reported; not independently artifact-authenticated
GEMSDOE22,h23-b-dti-optimal-emission-10pct-20261002-86176698-nan,0.0748,user-reported; not independently artifact-authenticated
GEMSDOE23,h30-arrangement-matched-habitat-20261002-0d4e02e8-nan,0.1352,user-reported; not independently artifact-authenticated
GEMSDOE24,h25-1-dotted-h19-5-d1-5-20261002-989f59505db1-nan,0.2477,user-reported; not independently artifact-authenticated
GEMSDOE25,dotted-h19-5-d2-8-20261002-e56ea318af89-nan,0.2600,user-reported; not independently artifact-authenticated
GEMSDOE26,dilcond-oof-v1-20261003-47629f496133-nan,0.1223,user-reported; not independently artifact-authenticated
GEMSDOE27,topo-gap-closure-t-v2-on-d1-5-20261002-5512495c6bd1-nan,0.2449,user-reported; not independently artifact-authenticated
GEMSDOE28,h27-4-r1-solo-d2-8-20261003-8acb75e1f2cc-nan,0.2708,user-reported; not independently artifact-authenticated
GEMSDOE28,h32-1-prethin-tip-euler-d2-8-20261003-31e35eee884e-nan,0.2649,user-reported; not independently artifact-authenticated
GEMSDOE28,h36-1-rung30-blind-r1-20261003-b531dae0a36f-nan,,user-reported; not independently artifact-authenticated
GEMSDOE28,h38-1-hf-euler-r30-r1-20261003-56a9f473edc7-nan,,user-reported; not independently artifact-authenticated
GEMSDOE29,efd28-repro-20261003-1cc7dc534d51-nan,0.2600,user-reported; not independently artifact-authenticated
GEMSDOE29,repo-c0-habitat-emission-20261003-a4d439b07426-nan,0.0041,user-reported; not independently artifact-authenticated
GEMSDOE29,sgmc-off-catalogue-44k-20261003-c8dcd780e3fd-nan,,user-reported; not independently artifact-authenticated
GEMSDOE29,wormrank-d28-20261003-59dcaf6dd11d-zeros,,user-reported; not independently artifact-authenticated
GEMSDOE29,wormsurv-filter-20261003-921f10960d6e-zeros,,user-reported; not independently artifact-authenticated
GEMSDOE29,xfit-c0-habitat-20261003-ca879db0089a-zeros,,user-reported; not independently artifact-authenticated
GEMSDOE29,xfit-h41-union-qfaults-20261003-9edb34b99e3a-zeros,,user-reported; not independently artifact-authenticated
GEMSDOE30,d28-poisson300m-offcat-44090-20261003T233156Z-91eae1ca,0.2600,user-reported; not independently artifact-authenticated
GEMSDOE31,h27-4-solo-d28-20261004-8acb75e1-nan,0.2708,user-reported; not independently artifact-authenticated
GEMSDOE32,h33-h33-2-b2-20261004T220000Z-e5eb6e7e-zeros,0.2778,user-reported; not independently artifact-authenticated
GEMSDOE33,h33d-analog-tip-stepover-r30-20261004-cb490425926e,0.2632,user-reported; not independently artifact-authenticated
GEMSDOE34,h34-scatter-q50-arr-matched-20261004T223317Z,0.0778,user-reported; not independently artifact-authenticated
GEMSDOE35,h35-06-aaa86efb25-20261004T225420098147Z-candidate,0.0418,user-reported; not independently artifact-authenticated
GEMSDOE36,anderson-geothermal-pinn-38854-20261004T230000Z-9b9ea4e6-zeros,,user-reported; not independently artifact-authenticated
GEMSDOE37,h6-physics-dotted-80k-20261005T055000Z-0bef9211631c,,user-reported; not independently artifact-authenticated
GEMSDOE38,D-step-3p0-07pct-tipProt-20261005-ecfbf59e2b48-zero,,user-reported; not independently artifact-authenticated
GEMSDOE39,h40-e-disc-h40e-30k-zeros,,user-reported; not independently artifact-authenticated
